,datetime,action,buy_price,sell_price,pnl_percent,pnl_sum,balance
0,2025-01-01 00:00:00+00:00,buy,93530.0,0.0,0.0,-0.05,999.5
1,2025-01-03 16:23:00+00:00,sell-tp,93530.0,98287.9,5.087,5.037,1049.87
2,2025-01-03 20:00:00+00:00,buy,98555.2,0.0,0.0,4.987,1049.35
3,2025-01-07 16:00:00+00:00,change_direction,98555.2,97905.1,-0.6596,4.3274,1041.9
4,2025-01-07 16:00:00+00:00,short,97905.1,0.0,0.0,4.2774,1041.37
5,2025-01-07 20:00:00+00:00,change_direction,97905.1,96415.7,1.5213,5.7987,1056.7
6,2025-01-07 20:00:00+00:00,buy,96415.7,0.0,0.0,5.7487,1056.17
7,2025-01-08 00:00:00+00:00,change_direction,96415.7,96908.1,0.5107,6.2594,1061.04
8,2025-01-08 00:00:00+00:00,short,96908.1,0.0,0.0,6.2094,1060.51
9,2025-01-09 12:00:00+00:00,change_direction,96908.1,93410.1,3.6096,9.819,1098.28
10,2025-01-09 12:00:00+00:00,buy,93410.1,0.0,0.0,9.769,1097.73
11,2025-01-09 16:00:00+00:00,change_direction,93410.1,94210.8,0.8572,10.6262,1106.6
12,2025-01-09 16:00:00+00:00,short,94210.8,0.0,0.0,10.5762,1106.04
13,2025-01-09 20:00:00+00:00,change_direction,94210.8,91859.5,2.4958,13.072,1133.11
14,2025-01-09 20:00:00+00:00,buy,91859.5,0.0,0.0,13.022,1132.54
15,2025-01-13 00:00:00+00:00,change_direction,91859.5,94510.0,2.8854,15.9073,1164.67
16,2025-01-13 00:00:00+00:00,short,94510.0,0.0,0.0,15.8573,1164.09
17,2025-01-13 14:35:00+00:00,cover-tp,94510.0,89100.0,5.7243,21.5816,1230.18
18,2025-01-13 16:00:00+00:00,short,92081.1,0.0,0.0,21.5316,1229.56
19,2025-01-13 20:00:00+00:00,change_direction,92081.1,92260.7,-0.195,21.3366,1226.55
20,2025-01-13 20:00:00+00:00,buy,92260.7,0.0,0.0,21.2866,1225.93
21,2025-01-14 09:40:00+00:00,sell-tp,92260.7,96930.1,5.0611,26.3476,1287.4
22,2025-01-14 12:00:00+00:00,buy,96526.2,0.0,0.0,26.2976,1286.75
23,2025-01-17 01:40:00+00:00,sell-tp,96526.2,101448.0,5.0989,31.3966,1351.75
24,2025-01-17 04:00:00+00:00,buy,101016.1,0.0,0.0,31.3466,1351.08
25,2025-01-19 19:58:00+00:00,sell-tp,101016.1,106103.5,5.0362,36.3828,1418.48
26,2025-01-19 20:00:00+00:00,short,106231.4,0.0,0.0,36.3328,1417.77
27,2025-01-19 23:19:00+00:00,cover-tp,106231.4,100375.1,5.5128,41.8456,1495.26
28,2025-01-20 00:00:00+00:00,buy,101310.7,0.0,0.0,41.7956,1494.51
29,2025-01-20 06:49:00+00:00,sell-tp,101310.7,106714.5,5.3339,47.1295,1573.52
30,2025-01-20 08:00:00+00:00,buy,107172.9,0.0,0.0,47.0795,1572.73
31,2025-01-20 16:13:00+00:00,sell-sl,107172.9,103723.6,-3.2184,43.861,1521.3
32,2025-01-20 20:00:00+00:00,buy,103693.3,0.0,0.0,43.811,1520.54
33,2025-01-21 01:29:00+00:00,sell-sl,103693.3,100200.3,-3.3686,40.4424,1468.53
34,2025-01-21 04:00:00+00:00,buy,102915.8,0.0,0.0,40.3924,1467.8
35,2025-01-23 00:00:00+00:00,change_direction,102915.8,103670.4,0.7332,41.1257,1477.83
36,2025-01-23 00:00:00+00:00,short,103670.4,0.0,0.0,41.0757,1477.09
37,2025-01-23 12:00:00+00:00,change_direction,103670.4,101921.5,1.687,42.7626,1501.28
38,2025-01-23 12:00:00+00:00,buy,101921.5,0.0,0.0,42.7126,1500.53
39,2025-01-24 18:27:00+00:00,sell-tp,101921.5,107114.0,5.0946,47.8072,1576.27
40,2025-01-24 20:00:00+00:00,buy,105734.3,0.0,0.0,47.7572,1575.48
41,2025-01-26 20:00:00+00:00,change_direction,105734.3,105056.7,-0.6409,47.1164,1564.59
42,2025-01-26 20:00:00+00:00,short,105056.7,0.0,0.0,47.0664,1563.81
43,2025-01-27 05:51:00+00:00,cover-tp,105056.7,99670.1,5.1273,52.1937,1643.25
44,2025-01-27 08:00:00+00:00,short,98986.3,0.0,0.0,52.1437,1642.42
45,2025-01-27 14:53:00+00:00,cover-sl,98986.3,101959.5,-3.0036,49.1401,1592.25
46,2025-01-27 16:00:00+00:00,short,101055.2,0.0,0.0,49.0901,1591.45
47,2025-01-27 20:00:00+00:00,change_direction,101055.2,99649.9,1.3906,50.4807,1612.8
48,2025-01-27 20:00:00+00:00,buy,99649.9,0.0,0.0,50.4307,1611.99
49,2025-01-28 20:00:00+00:00,change_direction,99649.9,102375.4,2.7351,53.1658,1655.29
50,2025-01-28 20:00:00+00:00,short,102375.4,0.0,0.0,53.1158,1654.47
51,2025-01-29 00:00:00+00:00,change_direction,102375.4,101278.0,1.0719,54.1877,1671.38
52,2025-01-29 00:00:00+00:00,buy,101278.0,0.0,0.0,54.1377,1670.55
53,2025-01-29 12:00:00+00:00,change_direction,101278.0,102591.5,1.2969,55.4346,1691.39
54,2025-01-29 12:00:00+00:00,short,102591.5,0.0,0.0,55.3846,1690.54
55,2025-01-29 16:00:00+00:00,change_direction,102591.5,101919.3,0.6552,56.0399,1700.78
56,2025-01-29 16:00:00+00:00,buy,101919.3,0.0,0.0,55.9899,1699.93
57,2025-01-31 16:00:00+00:00,change_direction,101919.3,105404.7,3.4198,59.4096,1757.24
58,2025-01-31 16:00:00+00:00,short,105404.7,0.0,0.0,59.3596,1756.36
59,2025-02-02 03:08:00+00:00,cover-tp,105404.7,100133.3,5.0011,64.3607,1843.36
60,2025-02-02 04:00:00+00:00,short,99157.1,0.0,0.0,64.3107,1842.44
61,2025-02-03 01:42:00+00:00,cover-tp,99157.1,94179.7,5.0197,69.3304,1934.05
62,2025-02-03 04:00:00+00:00,short,93998.2,0.0,0.0,69.2804,1933.09
63,2025-02-03 12:00:00+00:00,change_direction,93998.2,95052.3,-1.1214,68.159,1910.43
64,2025-02-03 12:00:00+00:00,buy,95052.3,0.0,0.0,68.109,1909.48
65,2025-02-03 18:41:00+00:00,sell-tp,95052.3,99824.2,5.0203,73.1293,2004.43
66,2025-02-03 20:00:00+00:00,buy,101831.8,0.0,0.0,73.0793,2003.43
67,2025-02-04 05:16:00+00:00,sell-sl,101831.8,98736.8,-3.0393,70.04,1941.5
68,2025-02-04 08:00:00+00:00,buy,98409.6,0.0,0.0,69.99,1940.53
69,2025-02-04 20:00:00+00:00,change_direction,98409.6,98828.6,0.4258,70.4158,1947.83
70,2025-02-04 20:00:00+00:00,short,98828.6,0.0,0.0,70.3658,1946.85
71,2025-02-05 00:00:00+00:00,change_direction,98828.6,97706.0,1.1359,71.5017,1968.01
72,2025-02-05 00:00:00+00:00,buy,97706.0,0.0,0.0,71.4517,1967.02
73,2025-02-05 04:00:00+00:00,change_direction,97706.0,98000.3,0.3012,71.7529,1971.97
74,2025-02-05 04:00:00+00:00,short,98000.3,0.0,0.0,71.7029,1970.98
75,2025-02-05 08:00:00+00:00,change_direction,98000.3,97814.3,0.1898,71.8927,1973.74
76,2025-02-05 08:00:00+00:00,buy,97814.3,0.0,0.0,71.8427,1972.75
77,2025-02-05 12:00:00+00:00,change_direction,97814.3,98186.2,0.3802,72.2229,1979.27
78,2025-02-05 12:00:00+00:00,short,98186.2,0.0,0.0,72.1729,1978.28
79,2025-02-06 04:00:00+00:00,change_direction,98186.2,97308.9,0.8935,73.0664,1994.97
80,2025-02-06 04:00:00+00:00,buy,97308.9,0.0,0.0,73.0164,1993.98
81,2025-02-06 12:00:00+00:00,change_direction,97308.9,98829.0,1.5621,74.5785,2024.14
82,2025-02-06 12:00:00+00:00,short,98829.0,0.0,0.0,74.5285,2023.13
83,2025-02-07 08:00:00+00:00,change_direction,98829.0,96694.9,2.1594,76.6879,2065.83
84,2025-02-07 08:00:00+00:00,buy,96694.9,0.0,0.0,76.6379,2064.79
85,2025-02-07 16:00:00+00:00,change_direction,96694.9,98245.5,1.6036,78.2415,2096.89
86,2025-02-07 16:00:00+00:00,short,98245.5,0.0,0.0,78.1915,2095.84
87,2025-02-09 00:00:00+00:00,change_direction,98245.5,96406.8,1.8715,80.0631,2134.04
88,2025-02-09 00:00:00+00:00,buy,96406.8,0.0,0.0,80.0131,2132.97
89,2025-02-09 08:00:00+00:00,change_direction,96406.8,97013.9,0.6297,80.6428,2145.34
90,2025-02-09 08:00:00+00:00,short,97013.9,0.0,0.0,80.5928,2144.27
91,2025-02-09 20:00:00+00:00,change_direction,97013.9,96016.6,1.028,81.6208,2165.25
92,2025-02-09 20:00:00+00:00,buy,96016.6,0.0,0.0,81.5708,2164.17
93,2025-02-11 16:00:00+00:00,change_direction,96016.6,96982.0,1.0055,82.5762,2184.85
94,2025-02-11 16:00:00+00:00,short,96982.0,0.0,0.0,82.5262,2183.76
95,2025-02-12 16:00:00+00:00,change_direction,96982.0,95767.2,1.2526,83.7788,2210.04
96,2025-02-12 16:00:00+00:00,buy,95767.2,0.0,0.0,83.7288,2208.93
97,2025-02-13 16:00:00+00:00,change_direction,95767.2,95941.2,0.1817,83.9105,2211.84
98,2025-02-13 16:00:00+00:00,short,95941.2,0.0,0.0,83.8605,2210.74
99,2025-02-13 20:00:00+00:00,change_direction,95941.2,95594.3,0.3616,84.2221,2217.63
100,2025-02-13 20:00:00+00:00,buy,95594.3,0.0,0.0,84.1721,2216.52
101,2025-02-16 12:00:00+00:00,change_direction,95594.3,97288.2,1.772,85.9441,2254.71
102,2025-02-16 12:00:00+00:00,short,97288.2,0.0,0.0,85.8941,2253.58
103,2025-02-16 16:00:00+00:00,change_direction,97288.2,96850.1,0.4503,86.3444,2262.6
104,2025-02-16 16:00:00+00:00,buy,96850.1,0.0,0.0,86.2944,2261.47
105,2025-02-16 20:00:00+00:00,change_direction,96850.1,97021.5,0.177,86.4714,2264.35
106,2025-02-16 20:00:00+00:00,short,97021.5,0.0,0.0,86.4214,2263.21
107,2025-02-18 00:00:00+00:00,change_direction,97021.5,95735.0,1.326,87.7473,2292.11
108,2025-02-18 00:00:00+00:00,buy,95735.0,0.0,0.0,87.6973,2290.96
109,2025-02-18 04:00:00+00:00,change_direction,95735.0,96150.7,0.4342,88.1316,2299.77
110,2025-02-18 04:00:00+00:00,short,96150.7,0.0,0.0,88.0816,2298.62
111,2025-02-18 20:00:00+00:00,change_direction,96150.7,94066.0,2.1682,90.2497,2347.33
112,2025-02-18 20:00:00+00:00,buy,94066.0,0.0,0.0,90.1997,2346.16
113,2025-02-21 09:18:00+00:00,sell-tp,94066.0,98907.8,5.1472,95.347,2465.81
114,2025-02-21 12:00:00+00:00,buy,98586.3,0.0,0.0,95.297,2464.57
115,2025-02-21 16:00:00+00:00,change_direction,98586.3,98074.8,-0.5188,94.7781,2450.55
116,2025-02-21 16:00:00+00:00,short,98074.8,0.0,0.0,94.7281,2449.32
117,2025-02-21 20:00:00+00:00,change_direction,98074.8,95260.0,2.8701,97.5982,2518.43
118,2025-02-21 20:00:00+00:00,buy,95260.0,0.0,0.0,97.5482,2517.17
119,2025-02-22 04:00:00+00:00,change_direction,95260.0,96310.0,1.1022,98.6504,2543.67
120,2025-02-22 04:00:00+00:00,short,96310.0,0.0,0.0,98.6004,2542.4
121,2025-02-22 08:00:00+00:00,change_direction,96310.0,96331.1,-0.0219,98.5785,2540.57
122,2025-02-22 08:00:00+00:00,buy,96331.1,0.0,0.0,98.5285,2539.3
123,2025-02-22 12:00:00+00:00,change_direction,96331.1,96594.7,0.2736,98.8022,2544.98
124,2025-02-22 12:00:00+00:00,short,96594.7,0.0,0.0,98.7522,2543.71
125,2025-02-22 16:00:00+00:00,change_direction,96594.7,96613.2,-0.0192,98.733,2541.95
126,2025-02-22 16:00:00+00:00,buy,96613.2,0.0,0.0,98.683,2540.68
127,2025-02-22 20:00:00+00:00,change_direction,96613.2,96620.0,0.007,98.69,2539.58
128,2025-02-22 20:00:00+00:00,short,96620.0,0.0,0.0,98.64,2538.31
129,2025-02-24 23:35:00+00:00,cover-tp,96620.0,91625.9,5.1688,103.8089,2668.31
130,2025-02-25 00:00:00+00:00,short,91478.2,0.0,0.0,103.7589,2666.98
131,2025-02-25 10:23:00+00:00,cover-tp,91478.2,86833.0,5.0779,108.8368,2801.14
132,2025-02-25 12:00:00+00:00,short,89220.0,0.0,0.0,108.7868,2799.74
133,2025-02-25 20:00:00+00:00,change_direction,89220.0,87959.5,1.4128,110.1996,2837.91
134,2025-02-25 20:00:00+00:00,buy,87959.5,0.0,0.0,110.1496,2836.49
135,2025-02-26 04:00:00+00:00,change_direction,87959.5,88882.4,1.0492,111.1988,2864.85
136,2025-02-26 04:00:00+00:00,short,88882.4,0.0,0.0,111.1488,2863.42
137,2025-02-26 12:00:00+00:00,change_direction,88882.4,88589.3,0.3298,111.4786,2871.43
138,2025-02-26 12:00:00+00:00,buy,88589.3,0.0,0.0,111.4286,2870.0
139,2025-02-26 14:21:00+00:00,sell-sl,88589.3,85715.3,-3.2442,108.1844,2775.41
140,2025-02-26 16:00:00+00:00,short,87499.9,0.0,0.0,108.1344,2774.02
141,2025-02-26 20:13:00+00:00,cover-tp,87499.9,83058.2,5.0762,113.2106,2913.52
142,2025-02-27 00:00:00+00:00,short,84208.6,0.0,0.0,113.1606,2912.06
143,2025-02-27 08:00:00+00:00,change_direction,84208.6,86220.0,-2.3886,110.772,2841.01
144,2025-02-27 08:00:00+00:00,buy,86220.0,0.0,0.0,110.722,2839.59
145,2025-02-27 16:00:00+00:00,change_direction,86220.0,85480.0,-0.8583,109.8638,2813.79
146,2025-02-27 16:00:00+00:00,short,85480.0,0.0,0.0,109.8138,2812.38
147,2025-02-27 20:00:00+00:00,change_direction,85480.0,84070.2,1.6493,111.463,2857.38
148,2025-02-27 20:00:00+00:00,buy,84070.2,0.0,0.0,111.413,2855.95
149,2025-02-28 00:00:00+00:00,change_direction,84070.2,84686.0,0.7325,112.1455,2875.45
150,2025-02-28 00:00:00+00:00,short,84686.0,0.0,0.0,112.0955,2874.01
151,2025-02-28 02:33:00+00:00,cover-tp,84686.0,79911.7,5.6376,117.7332,3034.68
152,2025-02-28 04:00:00+00:00,short,80399.9,0.0,0.0,117.6832,3033.17
153,2025-02-28 12:00:00+00:00,change_direction,80399.9,80461.9,-0.0771,117.6061,3029.31
154,2025-02-28 12:00:00+00:00,buy,80461.9,0.0,0.0,117.5561,3027.8
155,2025-02-28 16:38:00+00:00,sell-tp,80461.9,84523.9,5.0484,122.6044,3179.21
156,2025-02-28 20:00:00+00:00,buy,84394.0,0.0,0.0,122.5544,3177.62
157,2025-03-02 15:38:00+00:00,sell-tp,84394.0,88698.8,5.1008,127.6552,3338.2
158,2025-03-02 16:00:00+00:00,buy,87416.7,0.0,0.0,127.6052,3336.53
159,2025-03-02 16:43:00+00:00,sell-tp,87416.7,91856.8,5.0792,132.6845,3504.41
160,2025-03-02 20:00:00+00:00,buy,93517.4,0.0,0.0,132.6345,3502.66
161,2025-03-03 14:51:00+00:00,sell-sl,93517.4,90650.0,-3.0662,129.5683,3393.46
162,2025-03-03 16:00:00+00:00,short,90048.6,0.0,0.0,129.5183,3391.76
163,2025-03-03 19:57:00+00:00,cover-tp,90048.6,85539.9,5.007,134.5253,3559.97
164,2025-03-03 20:00:00+00:00,buy,85532.1,0.0,0.0,134.4753,3558.19
165,2025-03-04 00:00:00+00:00,change_direction,85532.1,86165.3,0.7403,135.2156,3582.77
166,2025-03-04 00:00:00+00:00,short,86165.3,0.0,0.0,135.1656,3580.98
167,2025-03-04 15:20:00+00:00,cover-tp,86165.3,81551.7,5.3544,140.5199,3771.02
168,2025-03-04 16:00:00+00:00,buy,82950.0,0.0,0.0,140.4699,3769.14
169,2025-03-04 19:02:00+00:00,sell-tp,82950.0,87143.2,5.0551,145.525,3957.88
170,2025-03-04 20:00:00+00:00,short,88183.9,0.0,0.0,145.475,3955.9
171,2025-03-05 04:00:00+00:00,change_direction,88183.9,86829.0,1.5364,147.0115,4014.73
172,2025-03-05 04:00:00+00:00,buy,86829.0,0.0,0.0,146.9615,4012.72
173,2025-03-06 01:46:00+00:00,sell-tp,86829.0,91427.7,5.2963,152.2578,4223.35
174,2025-03-06 04:00:00+00:00,buy,91573.8,0.0,0.0,152.2078,4221.24
175,2025-03-06 17:01:00+00:00,sell-sl,91573.8,88601.1,-3.2462,148.9615,4082.02
176,2025-03-06 20:00:00+00:00,buy,88495.2,0.0,0.0,148.9115,4079.98
177,2025-03-07 00:00:00+00:00,change_direction,88495.2,89899.6,1.587,150.4985,4142.72
178,2025-03-07 00:00:00+00:00,short,89899.6,0.0,0.0,150.4485,4140.65
179,2025-03-07 00:46:00+00:00,cover-tp,89899.6,85100.0,5.3388,155.7873,4359.75
180,2025-03-07 04:00:00+00:00,buy,86952.3,0.0,0.0,155.7373,4357.57
181,2025-03-07 20:00:00+00:00,change_direction,86952.3,87792.8,0.9666,156.704,4397.54
182,2025-03-07 20:00:00+00:00,short,87792.8,0.0,0.0,156.654,4395.34
183,2025-03-09 14:00:00+00:00,cover-tp,87792.8,83400.0,5.0036,161.6576,4613.17
184,2025-03-09 16:00:00+00:00,short,83037.3,0.0,0.0,161.6076,4610.87
185,2025-03-10 08:00:00+00:00,change_direction,83037.3,82272.0,0.9216,162.5292,4651.08
186,2025-03-10 08:00:00+00:00,buy,82272.0,0.0,0.0,162.4792,4648.75
187,2025-03-10 12:00:00+00:00,change_direction,82272.0,83541.9,1.5435,164.0227,4718.22
188,2025-03-10 12:00:00+00:00,short,83541.9,0.0,0.0,163.9727,4715.86
189,2025-03-10 14:18:00+00:00,cover-tp,83541.9,79251.1,5.1361,169.1088,4955.83
190,2025-03-10 16:00:00+00:00,short,80011.0,0.0,0.0,169.0588,4953.35
191,2025-03-11 08:00:00+00:00,change_direction,80011.0,80391.6,-0.4757,168.5832,4927.3
192,2025-03-11 08:00:00+00:00,buy,80391.6,0.0,0.0,168.5332,4924.84
193,2025-03-12 12:30:00+00:00,sell-tp,80391.6,84489.8,5.0978,173.631,5173.56
194,2025-03-12 16:00:00+00:00,buy,81646.6,0.0,0.0,173.581,5170.97
195,2025-03-13 12:00:00+00:00,change_direction,81646.6,82924.3,1.5649,175.1459,5249.35
196,2025-03-13 12:00:00+00:00,short,82924.3,0.0,0.0,175.0959,5246.72
197,2025-03-14 00:00:00+00:00,change_direction,82924.3,81072.3,2.2334,177.3292,5361.33
198,2025-03-14 00:00:00+00:00,buy,81072.3,0.0,0.0,177.2792,5358.65
199,2025-03-14 15:34:00+00:00,sell-tp,81072.3,85165.7,5.0491,182.3283,5626.67
200,2025-03-14 16:00:00+00:00,buy,84714.7,0.0,0.0,182.2783,5623.86
201,2025-03-16 08:00:00+00:00,change_direction,84714.7,84235.8,-0.5653,181.713,5589.24
202,2025-03-16 08:00:00+00:00,short,84235.8,0.0,0.0,181.663,5586.44
203,2025-03-16 12:00:00+00:00,change_direction,84235.8,82346.6,2.2428,183.9058,5709.0
204,2025-03-16 12:00:00+00:00,buy,82346.6,0.0,0.0,183.8558,5706.15
205,2025-03-18 08:00:00+00:00,change_direction,82346.6,83117.7,0.9364,184.7922,5756.75
206,2025-03-18 08:00:00+00:00,short,83117.7,0.0,0.0,184.7422,5753.87
207,2025-03-18 20:00:00+00:00,change_direction,83117.7,82263.2,1.0281,185.7702,5810.18
208,2025-03-18 20:00:00+00:00,buy,82263.2,0.0,0.0,185.7202,5807.27
209,2025-03-19 22:43:00+00:00,sell-tp,82263.2,86399.9,5.0286,190.7488,6096.54
210,2025-03-20 00:00:00+00:00,buy,86792.3,0.0,0.0,190.6988,6093.49
211,2025-03-20 16:28:00+00:00,sell-sl,86792.3,84052.9,-3.1563,187.5426,5898.02
212,2025-03-20 20:00:00+00:00,buy,84129.2,0.0,0.0,187.4926,5895.07
213,2025-03-21 12:00:00+00:00,change_direction,84129.2,84001.3,-0.152,187.3405,5883.15
214,2025-03-21 12:00:00+00:00,short,84001.3,0.0,0.0,187.2905,5880.21
215,2025-03-21 16:00:00+00:00,change_direction,84001.3,83524.7,0.5674,187.8579,5910.65
216,2025-03-21 16:00:00+00:00,buy,83524.7,0.0,0.0,187.8079,5907.69
217,2025-03-21 20:00:00+00:00,change_direction,83524.7,83921.0,0.4745,188.2824,5932.78
218,2025-03-21 20:00:00+00:00,short,83921.0,0.0,0.0,188.2324,5929.82
219,2025-03-22 00:00:00+00:00,change_direction,83921.0,84054.6,-0.1592,188.0732,5917.41
220,2025-03-22 00:00:00+00:00,buy,84054.6,0.0,0.0,188.0232,5914.45
221,2025-03-22 20:00:00+00:00,change_direction,84054.6,84130.9,0.0908,188.114,5916.86
222,2025-03-22 20:00:00+00:00,short,84130.9,0.0,0.0,188.064,5913.9
223,2025-03-23 00:00:00+00:00,change_direction,84130.9,83805.9,0.3863,188.4503,5933.8
224,2025-03-23 00:00:00+00:00,buy,83805.9,0.0,0.0,188.4003,5930.83
225,2025-03-24 14:04:00+00:00,sell-tp,83805.9,88088.0,5.1095,193.5098,6231.06
226,2025-03-24 16:00:00+00:00,buy,88283.9,0.0,0.0,193.4598,6227.94
227,2025-03-26 12:00:00+00:00,change_direction,88283.9,87919.5,-0.4128,193.047,6199.11
228,2025-03-26 12:00:00+00:00,short,87919.5,0.0,0.0,192.997,6196.01
229,2025-03-26 20:00:00+00:00,change_direction,87919.5,86518.6,1.5934,194.5904,6291.68
230,2025-03-26 20:00:00+00:00,buy,86518.6,0.0,0.0,194.5404,6288.54
231,2025-03-27 08:00:00+00:00,change_direction,86518.6,87349.9,0.9608,195.5013,6345.84
232,2025-03-27 08:00:00+00:00,short,87349.9,0.0,0.0,195.4513,6342.67
233,2025-03-27 12:00:00+00:00,change_direction,87349.9,86900.1,0.5149,195.9662,6372.18
234,2025-03-27 12:00:00+00:00,buy,86900.1,0.0,0.0,195.9162,6368.99
235,2025-03-28 00:00:00+00:00,change_direction,86900.1,87181.7,0.3241,196.2403,6386.45
236,2025-03-28 00:00:00+00:00,short,87181.7,0.0,0.0,196.1903,6383.26
237,2025-03-29 10:56:00+00:00,cover-tp,87181.7,82767.1,5.0637,201.2539,6703.45
238,2025-03-29 12:00:00+00:00,short,82245.0,0.0,0.0,201.2039,6700.1
239,2025-03-31 12:00:00+00:00,change_direction,82245.0,82169.3,0.092,201.296,6702.92
240,2025-03-31 12:00:00+00:00,buy,82169.3,0.0,0.0,201.246,6699.57
241,2025-04-02 15:07:00+00:00,sell-tp,82169.3,86331.0,5.0648,206.3108,7035.71
242,2025-04-02 16:00:00+00:00,buy,86699.3,0.0,0.0,206.2608,7032.19
243,2025-04-02 20:00:00+00:00,change_direction,86699.3,86853.9,0.1783,206.4391,7041.22
244,2025-04-02 20:00:00+00:00,short,86853.9,0.0,0.0,206.3891,7037.7
245,2025-04-02 23:00:00+00:00,cover-tp,86853.9,82502.0,5.0106,211.3997,7386.98
246,2025-04-03 00:00:00+00:00,buy,82468.1,0.0,0.0,211.3497,7383.29
247,2025-04-03 08:00:00+00:00,change_direction,82468.1,83422.0,1.1567,212.5064,7465.04
248,2025-04-03 08:00:00+00:00,short,83422.0,0.0,0.0,212.4564,7461.31
249,2025-04-04 04:00:00+00:00,change_direction,83422.0,82786.5,0.7618,213.2182,7514.44
250,2025-04-04 04:00:00+00:00,buy,82786.5,0.0,0.0,213.1682,7510.69
251,2025-04-04 08:00:00+00:00,change_direction,82786.5,83973.7,1.4341,214.6022,7614.69
252,2025-04-04 08:00:00+00:00,short,83973.7,0.0,0.0,214.5522,7610.88
253,2025-04-04 16:00:00+00:00,change_direction,83973.7,82813.1,1.3821,215.9343,7712.32
254,2025-04-04 16:00:00+00:00,buy,82813.1,0.0,0.0,215.8843,7708.46
255,2025-04-05 12:00:00+00:00,change_direction,82813.1,83428.0,0.7425,216.6268,7761.87
256,2025-04-05 12:00:00+00:00,short,83428.0,0.0,0.0,216.5768,7757.99
257,2025-04-05 20:00:00+00:00,change_direction,83428.0,82827.7,0.7195,217.2964,7809.96
258,2025-04-05 20:00:00+00:00,buy,82827.7,0.0,0.0,217.2464,7806.05
259,2025-04-06 04:00:00+00:00,change_direction,82827.7,83313.8,0.5869,217.8333,7847.98
260,2025-04-06 04:00:00+00:00,short,83313.8,0.0,0.0,217.7833,7844.06
261,2025-04-06 18:44:00+00:00,cover-tp,83313.8,79101.0,5.0565,222.8398,8236.97
262,2025-04-06 20:00:00+00:00,short,79579.5,0.0,0.0,222.7898,8232.85
263,2025-04-07 06:28:00+00:00,cover-tp,79579.5,75599.7,5.001,227.7908,8640.67
264,2025-04-07 08:00:00+00:00,short,75077.5,0.0,0.0,227.7408,8636.35
265,2025-04-07 10:17:00+00:00,cover-sl,75077.5,77381.6,-3.069,224.6719,8366.85
266,2025-04-07 12:00:00+00:00,short,76650.0,0.0,0.0,224.6219,8362.67
267,2025-04-07 14:10:00+00:00,cover-sl,76650.0,78999.0,-3.0646,221.5573,8102.07
268,2025-04-07 16:00:00+00:00,short,78427.5,0.0,0.0,221.5073,8098.02
269,2025-04-07 20:00:00+00:00,change_direction,78427.5,78091.6,0.4283,221.9356,8128.67
270,2025-04-07 20:00:00+00:00,buy,78091.6,0.0,0.0,221.8856,8124.61
271,2025-04-08 12:00:00+00:00,change_direction,78091.6,79955.8,2.3872,224.2728,8314.59
272,2025-04-08 12:00:00+00:00,short,79955.8,0.0,0.0,224.2228,8310.43
273,2025-04-09 00:05:00+00:00,cover-tp,79955.8,75877.6,5.1006,229.3233,8730.37
274,2025-04-09 04:00:00+00:00,short,75012.1,0.0,0.0,229.2733,8726.0
275,2025-04-09 06:14:00+00:00,cover-sl,75012.1,77316.1,-3.0715,226.2018,8453.48
276,2025-04-09 08:00:00+00:00,short,77653.9,0.0,0.0,226.1518,8449.26
277,2025-04-09 16:00:00+00:00,change_direction,77653.9,77234.7,0.5398,226.6917,8490.67
278,2025-04-09 16:00:00+00:00,buy,77234.7,0.0,0.0,226.6417,8486.42
279,2025-04-09 17:25:00+00:00,sell-tp,77234.7,81109.6,5.017,231.6587,8908.16
280,2025-04-09 20:00:00+00:00,buy,82294.6,0.0,0.0,231.6087,8903.7
281,2025-04-10 12:00:00+00:00,change_direction,82294.6,81836.0,-0.5573,231.0515,8849.61
282,2025-04-10 12:00:00+00:00,short,81836.0,0.0,0.0,231.0015,8845.18
283,2025-04-10 16:00:00+00:00,change_direction,81836.0,78734.1,3.7904,234.7918,9176.19
284,2025-04-10 16:00:00+00:00,buy,78734.1,0.0,0.0,234.7418,9171.6
285,2025-04-11 10:19:00+00:00,sell-tp,78734.1,82692.5,5.0276,239.7694,9628.35
286,2025-04-11 12:00:00+00:00,buy,82114.7,0.0,0.0,239.7194,9623.54
287,2025-04-15 13:47:00+00:00,sell-tp,82114.7,86378.5,5.1925,244.9119,10118.68
288,2025-04-15 16:00:00+00:00,buy,84863.3,0.0,0.0,244.8619,10113.62
289,2025-04-16 04:00:00+00:00,change_direction,84863.3,83634.6,-1.4479,243.414,9962.05
290,2025-04-16 04:00:00+00:00,short,83634.6,0.0,0.0,243.364,9957.07
291,2025-04-16 08:00:00+00:00,change_direction,83634.6,83312.8,0.3848,243.7488,9990.42
292,2025-04-16 08:00:00+00:00,buy,83312.8,0.0,0.0,243.6988,9985.43
293,2025-04-17 00:00:00+00:00,change_direction,83312.8,83986.0,0.808,244.5068,10061.16
294,2025-04-17 00:00:00+00:00,short,83986.0,0.0,0.0,244.4568,10056.13
295,2025-04-17 04:00:00+00:00,change_direction,83986.0,83949.2,0.0438,244.5007,10055.5
296,2025-04-17 04:00:00+00:00,buy,83949.2,0.0,0.0,244.4507,10050.48
297,2025-04-18 12:00:00+00:00,change_direction,83949.2,84627.3,0.8078,245.2584,10126.67
298,2025-04-18 12:00:00+00:00,short,84627.3,0.0,0.0,245.2084,10121.61
299,2025-04-18 16:00:00+00:00,change_direction,84627.3,84329.4,0.352,245.5604,10152.19
300,2025-04-18 16:00:00+00:00,buy,84329.4,0.0,0.0,245.5104,10147.12
301,2025-04-22 01:20:00+00:00,sell-tp,84329.4,88700.0,5.1828,250.6932,10668.21
302,2025-04-22 04:00:00+00:00,buy,88117.4,0.0,0.0,250.6432,10662.87
303,2025-04-22 21:49:00+00:00,sell-tp,88117.4,94000.0,6.6759,257.3191,11369.73
304,2025-04-23 00:00:00+00:00,buy,93400.0,0.0,0.0,257.2691,11364.05
305,2025-04-27 20:00:00+00:00,change_direction,93400.0,94396.1,1.0665,258.3355,11479.62
306,2025-04-27 20:00:00+00:00,short,94396.1,0.0,0.0,258.2855,11473.88
307,2025-04-28 00:00:00+00:00,change_direction,94396.1,93700.0,0.7374,259.023,11552.79
308,2025-04-28 00:00:00+00:00,buy,93700.0,0.0,0.0,258.973,11547.02
309,2025-04-30 12:00:00+00:00,change_direction,93700.0,95131.3,1.5275,260.5005,11717.71
310,2025-04-30 12:00:00+00:00,short,95131.3,0.0,0.0,260.4505,11711.86
311,2025-04-30 16:00:00+00:00,change_direction,95131.3,93951.1,1.2406,261.6911,11851.37
312,2025-04-30 16:00:00+00:00,buy,93951.1,0.0,0.0,261.6411,11845.44
313,2025-05-04 00:00:00+00:00,change_direction,93951.1,95815.5,1.9844,263.6255,12074.7
314,2025-05-04 00:00:00+00:00,short,95815.5,0.0,0.0,263.5755,12068.66
315,2025-05-04 12:00:00+00:00,change_direction,95815.5,95379.9,0.4546,264.0302,12117.52
316,2025-05-04 12:00:00+00:00,buy,95379.9,0.0,0.0,263.9802,12111.46
317,2025-05-04 20:00:00+00:00,change_direction,95379.9,95525.2,0.1523,264.1325,12123.86
318,2025-05-04 20:00:00+00:00,short,95525.2,0.0,0.0,264.0825,12117.8
319,2025-05-05 20:00:00+00:00,change_direction,95525.2,94306.2,1.2761,265.3586,12266.45
320,2025-05-05 20:00:00+00:00,buy,94306.2,0.0,0.0,265.3086,12260.32
321,2025-05-06 00:00:00+00:00,change_direction,94306.2,94698.7,0.4162,265.7248,12305.24
322,2025-05-06 00:00:00+00:00,short,94698.7,0.0,0.0,265.6748,12299.08
323,2025-05-06 12:00:00+00:00,change_direction,94698.7,93777.5,0.9728,266.6476,12412.63
324,2025-05-06 12:00:00+00:00,buy,93777.5,0.0,0.0,266.5976,12406.43
325,2025-05-08 02:26:00+00:00,sell-tp,93777.5,98475.3,5.0095,271.6071,13022.03
326,2025-05-08 04:00:00+00:00,buy,99105.8,0.0,0.0,271.5571,13015.52
327,2025-05-08 21:21:00+00:00,sell-tp,99105.8,104253.8,5.1944,276.7515,13685.43
328,2025-05-09 00:00:00+00:00,buy,103240.0,0.0,0.0,276.7015,13678.59
329,2025-05-12 12:00:00+00:00,change_direction,103240.0,103712.3,0.4575,277.159,13734.35
330,2025-05-12 12:00:00+00:00,short,103712.3,0.0,0.0,277.109,13727.49
331,2025-05-12 20:00:00+00:00,change_direction,103712.3,101803.0,1.841,278.95,13973.46
332,2025-05-12 20:00:00+00:00,buy,101803.0,0.0,0.0,278.9,13966.48
333,2025-05-13 00:00:00+00:00,change_direction,101803.0,102746.0,0.9263,279.8263,14088.93
334,2025-05-13 00:00:00+00:00,short,102746.0,0.0,0.0,279.7763,14081.88
335,2025-05-13 04:00:00+00:00,change_direction,102746.0,101666.7,1.0505,280.8267,14222.84
336,2025-05-13 04:00:00+00:00,buy,101666.7,0.0,0.0,280.7767,14215.72
337,2025-05-15 04:00:00+00:00,change_direction,101666.7,102690.1,1.0066,281.7834,14351.78
338,2025-05-15 04:00:00+00:00,short,102690.1,0.0,0.0,281.7334,14344.61
339,2025-05-15 08:00:00+00:00,change_direction,102690.1,101729.2,0.9357,282.6691,14471.72
340,2025-05-15 08:00:00+00:00,buy,101729.2,0.0,0.0,282.6191,14464.49
341,2025-05-19 00:07:00+00:00,sell-tp,101729.2,106942.7,5.1249,287.744,15198.91
342,2025-05-19 04:00:00+00:00,buy,103566.8,0.0,0.0,287.694,15191.31
343,2025-05-19 08:00:00+00:00,change_direction,103566.8,103169.4,-0.3837,287.3102,15125.39
344,2025-05-19 08:00:00+00:00,short,103169.4,0.0,0.0,287.2602,15117.83
345,2025-05-19 12:00:00+00:00,change_direction,103169.4,102910.8,0.2507,287.5109,15148.18
346,2025-05-19 12:00:00+00:00,buy,102910.8,0.0,0.0,287.4609,15140.61
347,2025-05-21 14:49:00+00:00,sell-tp,102910.8,108080.0,5.023,292.4839,15893.92
348,2025-05-21 16:00:00+00:00,buy,108941.9,0.0,0.0,292.4339,15885.98
349,2025-05-23 20:00:00+00:00,change_direction,108941.9,108655.5,-0.2629,292.171,15836.25
350,2025-05-23 20:00:00+00:00,short,108655.5,0.0,0.0,292.121,15828.33
351,2025-05-24 00:00:00+00:00,change_direction,108655.5,107275.9,1.2697,293.3907,16021.48
352,2025-05-24 00:00:00+00:00,buy,107275.9,0.0,0.0,293.3407,16013.47
353,2025-05-24 04:00:00+00:00,change_direction,107275.9,108295.6,0.9505,294.2912,16157.75
354,2025-05-24 04:00:00+00:00,short,108295.6,0.0,0.0,294.2412,16149.67
355,2025-05-24 08:00:00+00:00,change_direction,108295.6,107545.3,0.6928,294.9341,16253.54
356,2025-05-24 08:00:00+00:00,buy,107545.3,0.0,0.0,294.8841,16245.41
357,2025-05-24 20:00:00+00:00,change_direction,107545.3,108904.9,1.2642,296.1483,16442.76
358,2025-05-24 20:00:00+00:00,short,108904.9,0.0,0.0,296.0983,16434.54
359,2025-05-25 00:00:00+00:00,change_direction,108904.9,107716.0,1.0917,297.19,16605.82
360,2025-05-25 00:00:00+00:00,buy,107716.0,0.0,0.0,297.14,16597.52
361,2025-05-25 04:00:00+00:00,change_direction,107716.0,108059.5,0.3189,297.4589,16642.17
362,2025-05-25 04:00:00+00:00,short,108059.5,0.0,0.0,297.4089,16633.85
363,2025-05-25 08:00:00+00:00,change_direction,108059.5,107631.0,0.3965,297.8054,16691.52
364,2025-05-25 08:00:00+00:00,buy,107631.0,0.0,0.0,297.7554,16683.18
365,2025-05-25 12:00:00+00:00,change_direction,107631.0,107200.0,-0.4004,297.355,16607.99
366,2025-05-25 12:00:00+00:00,short,107200.0,0.0,0.0,297.305,16599.69
367,2025-05-25 16:00:00+00:00,change_direction,107200.0,106931.9,0.2501,297.5551,16632.92
368,2025-05-25 16:00:00+00:00,buy,106931.9,0.0,0.0,297.5051,16624.6
369,2025-05-28 12:00:00+00:00,change_direction,106931.9,108800.1,1.7471,299.2521,16906.88
370,2025-05-28 12:00:00+00:00,short,108800.1,0.0,0.0,299.2021,16898.43
371,2025-05-29 08:00:00+00:00,change_direction,108800.1,107824.9,0.8963,300.0985,17041.51
372,2025-05-29 08:00:00+00:00,buy,107824.9,0.0,0.0,300.0485,17032.99
373,2025-05-29 12:00:00+00:00,change_direction,107824.9,108741.4,0.85,300.8985,17169.32
374,2025-05-29 12:00:00+00:00,short,108741.4,0.0,0.0,300.8485,17160.74
375,2025-05-31 01:55:00+00:00,cover-tp,108741.4,103300.0,5.004,305.8524,18011.3
376,2025-05-31 04:00:00+00:00,short,103643.0,0.0,0.0,305.8024,18002.3
377,2025-05-31 12:00:00+00:00,change_direction,103643.0,103459.4,0.1771,305.9796,18025.2
378,2025-05-31 12:00:00+00:00,buy,103459.4,0.0,0.0,305.9296,18016.19
379,2025-06-01 08:00:00+00:00,change_direction,103459.4,104230.0,0.7448,306.6744,18141.43
380,2025-06-01 08:00:00+00:00,short,104230.0,0.0,0.0,306.6244,18132.36
381,2025-06-01 12:00:00+00:00,change_direction,104230.0,104040.0,0.1823,306.8067,18156.36
382,2025-06-01 12:00:00+00:00,buy,104040.0,0.0,0.0,306.7567,18147.28
383,2025-06-02 08:00:00+00:00,change_direction,104040.0,105333.8,1.2436,308.0003,18363.99
384,2025-06-02 08:00:00+00:00,short,105333.8,0.0,0.0,307.9503,18354.81
385,2025-06-02 12:00:00+00:00,change_direction,105333.8,104004.4,1.2621,309.2124,18577.39
386,2025-06-02 12:00:00+00:00,buy,104004.4,0.0,0.0,309.1624,18568.11
387,2025-06-04 08:00:00+00:00,change_direction,104004.4,105253.7,1.2012,310.3636,18781.97
388,2025-06-04 08:00:00+00:00,short,105253.7,0.0,0.0,310.3136,18772.58
389,2025-06-04 12:00:00+00:00,change_direction,105253.7,105056.6,0.1873,310.5008,18798.36
390,2025-06-04 12:00:00+00:00,buy,105056.6,0.0,0.0,310.4508,18788.96
391,2025-06-04 16:00:00+00:00,change_direction,105056.6,105238.2,0.1729,310.6237,18812.05
392,2025-06-04 16:00:00+00:00,short,105238.2,0.0,0.0,310.5737,18802.65
393,2025-06-06 08:00:00+00:00,change_direction,105238.2,103099.9,2.0319,312.6055,19175.48
394,2025-06-06 08:00:00+00:00,buy,103099.9,0.0,0.0,312.5555,19165.89
395,2025-06-09 17:14:00+00:00,sell-tp,103099.9,108288.1,5.0322,317.5877,20121.25
396,2025-06-09 20:00:00+00:00,buy,108512.9,0.0,0.0,317.5377,20111.19
397,2025-06-12 00:00:00+00:00,change_direction,108512.9,108611.1,0.0905,317.6282,20119.34
398,2025-06-12 00:00:00+00:00,short,108611.1,0.0,0.0,317.5782,20109.28
399,2025-06-13 00:36:00+00:00,cover-tp,108611.1,103130.8,5.0458,322.624,21114.4
400,2025-06-13 04:00:00+00:00,short,104251.0,0.0,0.0,322.574,21103.84
401,2025-06-13 20:00:00+00:00,change_direction,104251.0,105047.6,-0.7641,321.8099,20931.95
402,2025-06-13 20:00:00+00:00,buy,105047.6,0.0,0.0,321.7599,20921.48
403,2025-06-14 00:00:00+00:00,change_direction,105047.6,106023.1,0.9286,322.6886,21105.4
404,2025-06-14 00:00:00+00:00,short,106023.1,0.0,0.0,322.6386,21094.84
405,2025-06-14 20:00:00+00:00,change_direction,106023.1,104610.5,1.3324,323.9709,21365.49
406,2025-06-14 20:00:00+00:00,buy,104610.5,0.0,0.0,323.9209,21354.81
407,2025-06-15 08:00:00+00:00,change_direction,104610.5,105391.8,0.7469,324.6678,21503.7
408,2025-06-15 08:00:00+00:00,short,105391.8,0.0,0.0,324.6178,21492.94
409,2025-06-15 12:00:00+00:00,change_direction,105391.8,104933.2,0.4351,325.0529,21575.76
410,2025-06-15 12:00:00+00:00,buy,104933.2,0.0,0.0,325.0029,21564.97
411,2025-06-17 12:00:00+00:00,change_direction,104933.2,105590.1,0.626,325.6289,21689.25
412,2025-06-17 12:00:00+00:00,short,105590.1,0.0,0.0,325.5789,21678.41
413,2025-06-19 00:00:00+00:00,change_direction,105590.1,104847.3,0.7035,326.2824,21820.14
414,2025-06-19 00:00:00+00:00,buy,104847.3,0.0,0.0,326.2324,21809.23
415,2025-06-19 04:00:00+00:00,change_direction,104847.3,105041.2,0.1849,326.4173,21838.68
416,2025-06-19 04:00:00+00:00,short,105041.2,0.0,0.0,326.3673,21827.76
417,2025-06-20 04:00:00+00:00,change_direction,105041.2,104555.1,0.4628,326.8301,21917.9
418,2025-06-20 04:00:00+00:00,buy,104555.1,0.0,0.0,326.7801,21906.94
419,2025-06-20 12:00:00+00:00,change_direction,104555.1,105923.7,1.309,328.0891,22182.88
420,2025-06-20 12:00:00+00:00,short,105923.7,0.0,0.0,328.0391,22171.79
421,2025-06-22 13:36:00+00:00,cover-tp,105923.7,100560.0,5.0637,333.1028,23283.98
422,2025-06-22 16:00:00+00:00,short,98871.2,0.0,0.0,333.0528,23272.34
423,2025-06-23 06:02:00+00:00,cover-sl,98871.2,101875.6,-3.0387,330.0141,22553.17
424,2025-06-23 08:00:00+00:00,short,101891.6,0.0,0.0,329.9641,22541.89
425,2025-06-23 16:00:00+00:00,change_direction,101891.6,101382.3,0.4998,330.464,22643.35
426,2025-06-23 16:00:00+00:00,buy,101382.3,0.0,0.0,330.414,22632.02
427,2025-06-25 00:55:00+00:00,sell-tp,101382.3,106464.0,5.0124,335.4264,23755.68
428,2025-06-25 04:00:00+00:00,buy,106177.1,0.0,0.0,335.3764,23743.8
429,2025-07-01 08:00:00+00:00,change_direction,106177.1,107119.9,0.888,336.2643,23942.86
430,2025-07-01 08:00:00+00:00,short,107119.9,0.0,0.0,336.2143,23930.89
431,2025-07-02 04:00:00+00:00,change_direction,107119.9,106148.6,0.9067,337.1211,24136.02
432,2025-07-02 04:00:00+00:00,buy,106148.6,0.0,0.0,337.0711,24123.95
433,2025-07-04 12:00:00+00:00,change_direction,106148.6,108826.0,2.5223,339.5934,24720.67
434,2025-07-04 12:00:00+00:00,short,108826.0,0.0,0.0,339.5434,24708.31
435,2025-07-04 20:00:00+00:00,change_direction,108826.0,107453.9,1.2608,340.8042,25007.63
436,2025-07-04 20:00:00+00:00,buy,107453.9,0.0,0.0,340.7542,24995.13
437,2025-07-05 12:00:00+00:00,change_direction,107453.9,108055.9,0.5602,341.3144,25122.73
438,2025-07-05 12:00:00+00:00,short,108055.9,0.0,0.0,341.2644,25110.17
439,2025-07-05 16:00:00+00:00,change_direction,108055.9,108017.2,0.0358,341.3003,25106.6
440,2025-07-05 16:00:00+00:00,buy,108017.2,0.0,0.0,341.2503,25094.05
441,2025-07-10 17:14:00+00:00,sell-tp,108017.2,113450.0,5.0296,346.2798,26344.25
442,2025-07-10 20:00:00+00:00,buy,113247.4,0.0,0.0,346.2298,26331.08
443,2025-07-13 14:18:00+00:00,sell-tp,113247.4,119390.4,5.4244,351.6542,27746.93
444,2025-07-13 16:00:00+00:00,buy,118623.0,0.0,0.0,351.6042,27733.05
445,2025-07-15 04:00:00+00:00,change_direction,118623.0,117210.2,-1.191,350.4132,27388.71
446,2025-07-15 04:00:00+00:00,short,117210.2,0.0,0.0,350.3632,27375.02
447,2025-07-15 08:00:00+00:00,change_direction,117210.2,116822.5,0.3308,350.694,27451.92
448,2025-07-15 08:00:00+00:00,buy,116822.5,0.0,0.0,350.644,27438.19
449,2025-07-15 12:00:00+00:00,change_direction,116822.5,117150.4,0.2807,350.9247,27501.52
450,2025-07-15 12:00:00+00:00,short,117150.4,0.0,0.0,350.8747,27487.77
451,2025-07-15 20:00:00+00:00,change_direction,117150.4,116430.2,0.6148,351.4895,27643.09
452,2025-07-15 20:00:00+00:00,buy,116430.2,0.0,0.0,351.4395,27629.27
453,2025-07-16 00:00:00+00:00,change_direction,116430.2,117745.7,1.1299,352.5693,27927.77
454,2025-07-16 00:00:00+00:00,short,117745.7,0.0,0.0,352.5193,27913.81
455,2025-07-16 04:00:00+00:00,change_direction,117745.7,117500.0,0.2087,352.728,27958.12
456,2025-07-16 04:00:00+00:00,buy,117500.0,0.0,0.0,352.678,27944.14
457,2025-07-18 12:00:00+00:00,change_direction,117500.0,119222.7,1.4661,354.1441,28340.07
458,2025-07-18 12:00:00+00:00,short,119222.7,0.0,0.0,354.0941,28325.9
459,2025-07-19 00:00:00+00:00,change_direction,119222.7,117930.1,1.0842,355.1783,28618.99
460,2025-07-19 00:00:00+00:00,buy,117930.1,0.0,0.0,355.1283,28604.68
461,2025-07-19 04:00:00+00:00,change_direction,117930.1,118349.6,0.3557,355.484,28692.17
462,2025-07-19 04:00:00+00:00,short,118349.6,0.0,0.0,355.434,28677.82
463,2025-07-19 16:00:00+00:00,change_direction,118349.6,118058.2,0.2462,355.6802,28734.12
464,2025-07-19 16:00:00+00:00,buy,118058.2,0.0,0.0,355.6302,28719.76
465,2025-07-20 08:00:00+00:00,change_direction,118058.2,118052.4,-0.0049,355.6253,28703.98
466,2025-07-20 08:00:00+00:00,short,118052.4,0.0,0.0,355.5753,28689.63
467,2025-07-20 12:00:00+00:00,change_direction,118052.4,117925.4,0.1076,355.6829,28706.15
468,2025-07-20 12:00:00+00:00,buy,117925.4,0.0,0.0,355.6329,28691.8
469,2025-07-20 20:00:00+00:00,change_direction,117925.4,118197.0,0.2303,355.8632,28743.56
470,2025-07-20 20:00:00+00:00,short,118197.0,0.0,0.0,355.8132,28729.19
471,2025-07-21 00:00:00+00:00,change_direction,118197.0,117290.4,0.767,356.5802,28935.29
472,2025-07-21 00:00:00+00:00,buy,117290.4,0.0,0.0,356.5302,28920.82
473,2025-07-21 16:00:00+00:00,change_direction,117290.4,118377.8,0.9271,357.4573,29174.61
474,2025-07-21 16:00:00+00:00,short,118377.8,0.0,0.0,357.4073,29160.03
475,2025-07-22 04:00:00+00:00,change_direction,118377.8,117235.1,0.9653,358.3726,29427.06
476,2025-07-22 04:00:00+00:00,buy,117235.1,0.0,0.0,358.3226,29412.35
477,2025-07-24 10:38:00+00:00,SELL_CLOSE,117235.1,117990.0,0.6439,358.9666,29587.12
